{
  "UrlReferrer": null,
  "FormIndirizzo": "Roma",
  "FormLat": null,
  "FormLng": null,
  "TypePost": 0,
  "Zoom": 8,
  "Interpolazione": 0,
  "Lat": "41.902783",
  "Lng": "12.496365",
  "LatED50": "41.903773",
  "LngED50": "12.497291",
  "Idvn": 50,
  "SelectClasse": 2,
  "Coordinate": "WGS84",
  "IsIsola": false,
  "IndexIsola": -1,
  "Maglie": {
    "P0lat": "41.902783",
    "P0lng": "12.496365",
    "P1lat": "41.879449",
    "P1lng": "12.481984",
    "P2lat": "41.880020",
    "P2lng": "12.549165",
    "P3lat": "41.930021",
    "P3lng": "12.548395",
    "P4lat": "41.929440",
    "P4lng": "12.481163"
  },
  "SelectTipo": 0,
  "CheckBoxOpSostNoSpostamento": false,
  "PuntoSismico": {
    "nome": null,
    "Latitudine": 41.90377304244884,
    "Longitudine": 12.497291205202364,
    "ClasseNr": 2,
    "Cu": 1,
    "Vr": 50,
    "Vn": 50,
    "SLO": {
      "Tr": 30,
      "Pvr": 0.81,
      "Ag": 0.04335973192118031,
      "F0": 2.527391708466198,
      "Tc_star": 0.2567145076251181
    },
    "SLD": {
      "Tr": 50,
      "Pvr": 0.63,
      "Ag": 0.054724810963168426,
      "F0": 2.5039391632086567,
      "Tc_star": 0.2698038216866854
    },
    "SLV": {
      "Tr": 475,
      "Pvr": 0.1,
      "Ag": 0.1202418926425374,
      "F0": 2.620250956672115,
      "Tc_star": 0.297144331977871
    },
    "SLC": {
      "Tr": 975,
      "Pvr": 0.05,
      "Ag": 0.15040776108354786,
      "F0": 2.614852870303666,
      "Tc_star": 0.30655443520701736
    },
    "PuntoVicino1": {
      "ID": 28512,
      "Latitudine": 41.88044,
      "Longitudine": 12.48291,
      "TR_30_ag": 0.42249000000000003,
      "TR_30_F0": 2.5544,
      "TR_30_TC": 0.25475,
      "TR_50_ag": 0.542,
      "TR_50_F0": 2.5018,
      "TR_50_TC": 0.2684,
      "TR_72_ag": 0.6282,
      "TR_72_F0": 2.4998,
      "TR_72_TC": 0.27752,
      "TR_101_ag": 0.7171700000000001,
      "TR_101_F0": 2.5181,
      "TR_101_TC": 0.28074,
      "TR_140_ag": 0.80353,
      "TR_140_F0": 2.5636,
      "TR_140_TC": 0.28252,
      "TR_201_ag": 0.91424,
      "TR_201_F0": 2.582,
      "TR_201_TC": 0.28386,
      "TR_475_ag": 1.2012,
      "TR_475_F0": 2.6424,
      "TR_475_TC": 0.28937,
      "TR_975_ag": 1.5143,
      "TR_975_F0": 2.6187,
      "TR_975_TC": 0.29563,
      "TR_2475_ag": 1.9880999999999998,
      "TR_2475_F0": 2.5816,
      "TR_2475_TC": 0.313,
      "Dist_Da_P": 2854.564321856624,
      "SLO": {
        "Tr": 30,
        "Pvr": 0,
        "Ag": 0.42249000000000003,
        "F0": 2.5544,
        "Tc_star": 0.25475
      },
      "SLD": {
        "Tr": 50,
        "Pvr": 0,
        "Ag": 0.542,
        "F0": 2.5018,
        "Tc_star": 0.2684
      },
      "SLV": {
        "Tr": 475,
        "Pvr": 0,
        "Ag": 1.2012,
        "F0": 2.6424,
        "Tc_star": 0.28937
      },
      "SLC": {
        "Tr": 975,
        "Pvr": 0,
        "Ag": 1.5143,
        "F0": 2.6187,
        "Tc_star": 0.29563
      }
    },
    "Puntovicino2": {
      "ID": 28513,
      "Latitudine": 41.88101,
      "Longitudine": 12.55009,
      "TR_30_ag": 0.47036,
      "TR_30_F0": 2.5094,
      "TR_30_TC": 0.25865,
      "TR_50_ag": 0.6043,
      "TR_50_F0": 2.4888,
      "TR_50_TC": 0.27043,
      "TR_72_ag": 0.7235,
      "TR_72_F0": 2.4434,
      "TR_72_TC": 0.2759,
      "TR_101_ag": 0.82961,
      "TR_101_F0": 2.47,
      "TR_101_TC": 0.27809,
      "TR_140_ag": 0.94527,
      "TR_140_F0": 2.4979,
      "TR_140_TC": 0.27749,
      "TR_201_ag": 1.0817999999999999,
      "TR_201_F0": 2.5294,
      "TR_201_TC": 0.27834,
      "TR_475_ag": 1.4433000000000002,
      "TR_475_F0": 2.6029,
      "TR_475_TC": 0.28042,
      "TR_975_ag": 1.8613,
      "TR_975_F0": 2.5536,
      "TR_975_TC": 0.28439,
      "TR_2475_ag": 2.4868,
      "TR_2475_F0": 2.4743,
      "TR_2475_TC": 0.29509,
      "Dist_Da_P": 5050.399581084022,
      "SLO": {
        "Tr": 30,
        "Pvr": 0,
        "Ag": 0.47036,
        "F0": 2.5094,
        "Tc_star": 0.25865
      },
      "SLD": {
        "Tr": 50,
        "Pvr": 0,
        "Ag": 0.6043,
        "F0": 2.4888,
        "Tc_star": 0.27043
      },
      "SLV": {
        "Tr": 475,
        "Pvr": 0,
        "Ag": 1.4433000000000002,
        "F0": 2.6029,
        "Tc_star": 0.28042
      },
      "SLC": {
        "Tr": 975,
        "Pvr": 0,
        "Ag": 1.8613,
        "F0": 2.5536,
        "Tc_star": 0.28439
      }
    },
    "PuntoVicino3": {
      "ID": 28291,
      "Latitudine": 41.93101,
      "Longitudine": 12.54932,
      "TR_30_ag": 0.44963000000000003,
      "TR_30_F0": 2.5063,
      "TR_30_TC": 0.25988,
      "TR_50_ag": 0.56128,
      "TR_50_F0": 2.5046,
      "TR_50_TC": 0.27137,
      "TR_72_ag": 0.6424000000000001,
      "TR_72_F0": 2.519,
      "TR_72_TC": 0.28,
      "TR_101_ag": 0.72661,
      "TR_101_F0": 2.5471,
      "TR_101_TC": 0.28345,
      "TR_140_ag": 0.8092199999999999,
      "TR_140_F0": 2.5878,
      "TR_140_TC": 0.28721,
      "TR_201_ag": 0.91914,
      "TR_201_F0": 2.5932,
      "TR_201_TC": 0.28925,
      "TR_475_ag": 1.2134,
      "TR_475_F0": 2.6015,
      "TR_475_TC": 0.29758,
      "TR_975_ag": 1.5110999999999999,
      "TR_975_F0": 2.5942,
      "TR_975_TC": 0.31345,
      "TR_2475_ag": 1.9591,
      "TR_2475_F0": 2.587,
      "TR_2475_TC": 0.32424,
      "Dist_Da_P": 5263.537783446096,
      "SLO": {
        "Tr": 30,
        "Pvr": 0,
        "Ag": 0.44963000000000003,
        "F0": 2.5063,
        "Tc_star": 0.25988
      },
      "SLD": {
        "Tr": 50,
        "Pvr": 0,
        "Ag": 0.56128,
        "F0": 2.5046,
        "Tc_star": 0.27137
      },
      "SLV": {
        "Tr": 475,
        "Pvr": 0,
        "Ag": 1.2134,
        "F0": 2.6015,
        "Tc_star": 0.29758
      },
      "SLC": {
        "Tr": 975,
        "Pvr": 0,
        "Ag": 1.5110999999999999,
        "F0": 2.5942,
        "Tc_star": 0.31345
      }
    },
    "Puntovicino4": {
      "ID": 28290,
      "Latitudine": 41.93043,
      "Longitudine": 12.48209,
      "TR_30_ag": 0.41287999999999997,
      "TR_30_F0": 2.5213,
      "TR_30_TC": 0.25576,
      "TR_50_ag": 0.5082099999999999,
      "TR_50_F0": 2.5156,
      "TR_50_TC": 0.27003,
      "TR_72_ag": 0.5757,
      "TR_72_F0": 2.5404,
      "TR_72_TC": 0.28022,
      "TR_101_ag": 0.64777,
      "TR_101_F0": 2.5574,
      "TR_101_TC": 0.28619,
      "TR_140_ag": 0.7229099999999999,
      "TR_140_F0": 2.5664,
      "TR_140_TC": 0.29119,
      "TR_201_ag": 0.8072,
      "TR_201_F0": 2.5871,
      "TR_201_TC": 0.2978,
      "TR_475_ag": 1.0434999999999999,
      "TR_475_F0": 2.6178,
      "TR_475_TC": 0.31631,
      "TR_975_ag": 1.2605,
      "TR_975_F0": 2.6622,
      "TR_975_TC": 0.32879,
      "TR_2475_ag": 1.5681999999999998,
      "TR_2475_F0": 2.7173,
      "TR_2475_TC": 0.34591,
      "Dist_Da_P": 3219.9355078325334,
      "SLO": {
        "Tr": 30,
        "Pvr": 0,
        "Ag": 0.41287999999999997,
        "F0": 2.5213,
        "Tc_star": 0.25576
      },
      "SLD": {
        "Tr": 50,
        "Pvr": 0,
        "Ag": 0.5082099999999999,
        "F0": 2.5156,
        "Tc_star": 0.27003
      },
      "SLV": {
        "Tr": 475,
        "Pvr": 0,
        "Ag": 1.0434999999999999,
        "F0": 2.6178,
        "Tc_star": 0.31631
      },
      "SLC": {
        "Tr": 975,
        "Pvr": 0,
        "Ag": 1.2605,
        "F0": 2.6622,
        "Tc_star": 0.32879
      }
    }
  },
  "ParametriSismici": {
    "CategoriaSuolo": "A",
    "Categoriatopografica": "T1",
    "ContestoAnalisi": "OS",
    "AmaxUtente": false,
    "SLO_Ss": 1,
    "SLO_Cc": 1,
    "SLO_Amax": 0.42521372205798313,
    "SLO_Beta": 0.2,
    "SLO_St": 1,
    "SLO_Kh": 0.0086725213554555,
    "SLO_Kv": 0.00433626067772775,
    "SLD_Ss": 1,
    "SLD_Cc": 1,
    "SLD_Amax": 0.5366670762833197,
    "SLD_Beta": 0.2,
    "SLD_St": 1,
    "SLD_Kh": 0.010945687870351209,
    "SLD_Kv": 0.005472843935175604,
    "SLV_Ss": 1,
    "SLV_Cc": 1,
    "SLV_Amax": 1.1791701759312436,
    "SLV_Beta": 0.29,
    "SLV_St": 1,
    "SLV_Kh": 0.03487246084234761,